"Metric","Value"
"MSE","0.920492322652147"
"MAE","0.364839787310288"
"MAD","30.5978252607226"
"MASE","0.0119237162838047"
"RMSE","0.959422911260799"
"Rsquared","0.998012927359463"
"MAPE","1.00827140618366"
"SMAPE","1.00953416872784"
"Explained Variance Score","0.998018938640393"
"Max Error","6.20232665367978"
"AIC","-1555.59199976669"
"BIC","-1514.27973487186"
"Boundary Hit","FALSE"
"Model Converged","relative convergence (4)"
"Final Outer mgc","4.34957328252494e-05"
